name,complexity_rank,n_components,logmstar,m_i,dist_mpc,t,incl_deg,type,sample,mi_source,max_component_extent_kpc,size_pixels_cut
ESO012-010,3,2,9.791,-19.544108904162112,38.08,7.0,26.8,SBd,S4G,predicted_B,10.520193104747584,271
ESO027-001,3,3,9.921,-19.814507913069473,15.1,3.5,36.3,SBc,S4G,predicted_B,3.0314807066767955,79
ESO048-017,3,3,9.145,-18.08508306182549,26.46,9.0,62.5,SBcd,S4G,predicted_B,4.447051061061526,115
ESO234-043,3,3,9.086,-17.92538683970427,22.42,7.5,44.0,SBm,S4G,predicted_B,5.259342946024129,135
ESO237-052,3,3,9.503,-18.928773741546944,34.54,7.5,67.3,SBd,S4G,predicted_B,4.039459748322087,105
ESO340-042,3,3,9.213,-18.24318320901114,24.0,7.5,68.3,SBd,S4G,predicted_B,5.551744968010606,143
ESO357-012,3,3,9.25,-18.328916034040518,21.3,7.5,41.9,Scd,S4G,predicted_B,6.300986098113361,163
ESO404-012,3,3,10.495,-21.239775015095912,36.77,3.0,38.9,Sc,S4G,predicted_B,4.810895483358637,125
ESO408-012,3,3,9.67,-19.335664306646215,56.6,8.5,60.7,SABc,S4G,predicted_B,6.573062937243496,169
ESO440-049,3,3,9.446,-18.89405008211503,30.33,5.0,41.6,SABc,S4G,predicted_B,4.579297881135243,119
ESO445-089,3,3,10.162,-20.55960028441743,36.3,7.0,34.6,SBcd,S4G,predicted_B,6.537777290408374,169
ESO485-021,3,3,9.16,-18.073180979620712,16.0,5.5,53.4,Sd,S4G,predicted_B,4.378986735710833,113
ESO505-013,3,3,9.365,-18.512794868122462,17.72,7.0,36.2,Sd,S4G,predicted_B,5.993750360470927,155
ESO506-029,3,2,9.562,-19.115220277993966,39.98,8.0,51.8,Sc,S4G,predicted_B,8.94901989418219,231
ESO576-001,3,3,10.685,-21.580331673495657,85.6,1.0,68.2,Sb,S4G,predicted_B,6.1176495616336535,157
ESO576-017,3,3,9.653,-19.21865418863185,38.4,5.0,27.7,SABc,S4G,predicted_B,4.835031717069954,125
ESO576-032,3,3,9.972,-19.914464959206576,21.74,5.0,46.6,Sc,S4G,predicted_B,3.9614315768189967,103
IC0051,3,3,9.843,-19.55731037710797,23.03,3.0,59.2,S0,S4G,predicted_B,4.216197219113536,109
IC0167,3,3,9.461,-18.83912336991927,22.24,6.0,56.0,Sc,S4G,predicted_B,7.935405879628297,205
IC0529,3,3,10.239,-20.68262962264583,27.82,5.5,63.8,Sc,S4G,predicted_B,6.261043155249756,161
IC0600,3,3,9.396,-18.672744220800784,21.67,9.0,68.4,SBd,S4G,predicted_B,5.135376495630898,133
IC0749,3,3,10.186,-20.512120037081413,27.27,6.0,37.7,Sc,S4G,predicted_B,4.739481667022203,123
IC0750,3,3,10.745,-21.523307994413575,24.04,1.0,65.8,Sab,S4G,predicted_B,3.011331444763829,77
IC0769,3,3,10.162,-20.526285051345884,38.99,3.5,48.3,Sbc,S4G,predicted_B,5.857206790560799,151
IC1014,3,3,9.731,-19.35199526161157,24.23,8.5,66.0,SABd,S4G,predicted_B,4.107793247566452,107
IC1438,3,3,10.514,-21.27968617659842,34.25,0.0,23.8,Sa,S4G,predicted_B,7.292116150179636,189
IC1914,3,3,9.51,-18.918034392923538,20.05,5.5,42.9,SABc,S4G,predicted_B,5.643248500045611,145
IC1953,3,3,10.225,-20.637190073693787,24.43,5.0,59.8,Sc,S4G,predicted_B,6.4124930358109475,165
IC2051,3,3,10.672,-21.53797858778334,25.01,3.0,55.2,SBbc,S4G,predicted_B,5.132231629914457,133
IC3021,3,3,9.228,-18.328639125787642,36.4,11.0,58.9,Sm,S4G,predicted_B,3.539507390424136,91
IC4214,3,3,10.842,-21.9543501016415,30.18,0.0,55.6,SBa,S4G,predicted_B,7.294578430104001,189
IC4237,3,3,10.596,-21.41654772735842,40.07,3.0,51.7,SBb,S4G,predicted_B,5.719512355643354,147
IC4536,3,3,9.89,-19.706861784377843,27.65,7.0,54.2,SBcd,S4G,predicted_B,4.573972309609197,119
IC4901,3,4,10.293,-20.822639364076903,22.36,4.5,47.8,SABc,S4G,predicted_B,8.710324718727875,225
IC5069,3,3,9.758,-19.550366715139198,37.88,5.5,34.9,SBb,S4G,predicted_B,4.2651471087418455,111
IC5240,3,3,10.472,-21.058688149340515,25.45,0.0,49.6,SBa,S4G,predicted_B,5.797829796477143,149
IC5267,3,3,10.866,-22.02850183072005,21.26,0.0,48.4,S0-a,S4G,predicted_B,13.652295075904116,353
NGC0150,3,3,10.388,-20.928935367481564,19.29,2.0,66.9,SBb,S4G,predicted_B,4.059376816224857,105
NGC0210,3,3,10.393,-20.971007426464904,18.32,2.0,55.4,SABb,S4G,predicted_B,8.06521149161004,209
NGC0254,3,3,10.253,-20.55937015591188,20.7,-1.0,57.4,S0-a,S4G,predicted_B,4.626689932536343,119
NGC0275,3,3,10.371,-21.00965538590452,35.59,8.0,38.2,SBc,S4G,predicted_B,7.9784593488942175,207
NGC0289,3,3,10.543,-21.28586971807247,19.16,1.5,43.0,SBbc,S4G,predicted_B,2.9566873818251542,77
NGC0473,3,3,10.269,-20.6048291102896,29.8,-1.0,62.1,S0-a,S4G,predicted_B,3.058141670212243,79
NGC0578,3,3,10.232,-20.70092280769099,18.18,6.0,54.3,Sc,S4G,predicted_B,5.331295595031642,137
NGC0613,3,3,11.017,-22.459964307306354,20.86,3.0,35.7,Sbc,S4G,predicted_B,7.664279683431716,197
NGC0628,3,3,10.301,-20.812631135796874,7.49,5.0,19.8,Sc,S4G,predicted_B,4.140784829090534,107
NGC0658,3,3,10.43,-21.024910611658097,37.03,4.0,55.6,Sb,S4G,predicted_B,7.53109740337231,195
NGC0718,3,3,10.309,-20.693136183685297,21.4,1.0,28.2,Sa,S4G,predicted_B,4.077344767092758,105
NGC0772,3,3,11.108,-22.77194919261238,26.89,2.5,59.6,Sb,S4G,predicted_B,9.848614803413643,255
NGC0864,3,3,10.099,-20.345665415867067,15.49,4.0,47.6,SABc,S4G,predicted_B,4.38722828757324,113
NGC0895,3,3,10.311,-20.837872137535538,25.15,5.0,49.1,Sc,S4G,predicted_B,5.524026171638355,143
NGC0936,3,3,10.922,-22.155057365233546,20.18,-1.0,50.5,S0-a,S4G,predicted_B,7.1528713275804865,185
NGC1015,3,3,10.483,-21.08624086184734,35.1,0.0,34.2,Sa,S4G,predicted_B,6.879185095976471,177
NGC1022,3,3,10.483,-21.149127767997417,22.25,-0.5,59.9,SBa,S4G,predicted_B,3.8151075761189275,99
NGC1068,3,3,11.044,-22.40009065954652,10.58,0.5,24.1,Sb,S4G,predicted_B,12.338956721016617,319
NGC1076,3,3,10.21,-20.452582091888022,30.8,3.0,50.7,S0-a,S4G,predicted_B,4.767281107548818,123
NGC1079,3,4,10.583,-21.344925635418313,25.2,-1.0,61.6,SABa,S4G,predicted_B,4.6709365157758835,121
NGC1097,3,4,11.173,-22.799382808127408,17.16,2.2,55.0,SBb,S4G,predicted_B,11.43597210882943,295
NGC1179,3,3,9.768,-19.480497461084735,15.91,6.0,48.0,Sc,S4G,predicted_B,5.2945095702647205,137
NGC1187,3,3,10.412,-21.039998392832935,16.63,4.0,44.3,Sc,S4G,predicted_B,4.655034745644188,121
NGC1232,3,3,10.622,-21.5926399631242,15.43,5.0,32.6,SABc,S4G,predicted_B,6.495743055140368,167
NGC1249,3,3,9.767,-19.579324745350092,15.5,8.5,69.0,SBc,S4G,predicted_B,4.2474592627145435,109
NGC1291,3,3,10.185,-20.38576689487127,4.4,-1.0,29.4,S0-a,S4G,predicted_B,5.050120142498444,131
NGC1300,3,3,10.44,-21.07160760444635,14.79,3.0,61.8,Sbc,S4G,predicted_B,7.4992611294544345,193
NGC1302,3,4,10.105,-20.198636594799094,11.21,-1.0,25.9,S0-a,S4G,predicted_B,3.65790212002076,95
NGC1309,3,3,10.496,-21.33028443529411,28.13,4.0,20.8,Sbc,S4G,predicted_B,3.140943267767087,81
NGC1326,3,3,10.488,-21.122778401376028,14.95,-1.0,52.9,S0-a,S4G,predicted_B,4.560985824132168,117
NGC1350,3,4,10.749,-21.79382412601958,18.83,0.0,64.8,Sab,S4G,predicted_B,7.823718705449499,203
NGC1357,3,3,10.724,-21.64850725982368,27.45,0.0,43.0,Sab,S4G,predicted_B,10.547060008372123,273
NGC1365,3,4,11.142,-22.67161589062741,16.56,4.0,62.7,Sb,S4G,predicted_B,12.807852969300182,331
NGC1367,3,3,10.797,-21.906003469393788,23.79,0.0,52.0,Sa,S4G,predicted_B,6.713325664211647,173
NGC1385,3,3,10.291,-20.76764097962071,16.0,8.0,52.3,Sc,S4G,predicted_B,3.7357179438402,97
NGC1398,3,3,11.109,-22.652495887531863,19.78,1.0,47.7,SBab,S4G,predicted_B,8.794075348163933,227
NGC1425,3,3,10.48,-21.28395044672543,20.4,3.0,68.2,Sb,S4G,predicted_B,6.550224683596596,169
NGC1433,3,3,10.298,-20.665531225328845,9.47,1.0,67.4,SBa,S4G,predicted_B,4.925192656663531,127
NGC1436,3,3,10.104,-20.22716907160882,17.66,1.0,48.1,Sab,S4G,predicted_B,7.686493003080203,199
NGC1452,3,3,10.322,-20.641631886180487,20.9,0.0,46.5,S0-a,S4G,predicted_B,5.203966915007152,135
NGC1512,3,3,10.36,-20.85744086508961,12.49,1.0,68.3,Sa,S4G,predicted_B,4.762811547938414,123
NGC1533,3,3,10.637,-21.469352859099782,20.2,-2.0,64.8,E-S0,S4G,predicted_B,4.320437920172555,111
NGC1546,3,3,10.391,-20.813317888936947,15.87,1.0,53.5,S0-a,S4G,predicted_B,5.493485324163491,141
NGC1553,3,3,11.081,-22.52352485673632,15.09,-1.0,56.9,S0,S4G,predicted_B,8.29967263232248,215
NGC1566,3,4,10.42,-21.02895186342553,9.59,3.0,47.9,SABb,S4G,predicted_B,10.272606043198067,265
NGC1637,3,3,10.081,-20.174794436071274,11.53,3.0,31.1,Sc,S4G,predicted_B,3.1014360047185967,81
NGC1672,3,3,10.587,-21.44081862969588,11.81,3.0,28.2,Sb,S4G,predicted_B,5.7724252401850835,149
NGC1688,3,3,9.689,-19.40121311939716,14.08,8.0,48.2,SBc,S4G,predicted_B,3.1008160790988235,81
NGC1744,3,3,9.458,-18.873869448665527,9.99,7.0,69.9,SBcd,S4G,predicted_B,4.456262509153518,115
NGC1879,3,3,9.477,-18.900944838084136,19.3,9.0,52.4,SBm,S4G,predicted_B,5.5913139206036275,145
NGC2500,3,3,9.604,-19.125897540141146,11.99,6.5,20.6,Scd,S4G,predicted_B,3.114407990724511,81
NGC2543,3,3,10.451,-21.041205051342118,32.89,3.0,66.4,Sb,S4G,predicted_B,5.926071119348226,153
NGC2608,3,3,10.086,-20.166605820989254,21.22,3.0,64.3,Sb,S4G,predicted_B,3.2978347705454754,85
NGC2633,3,3,10.489,-21.06336454081443,25.97,3.0,53.8,Sb,S4G,predicted_B,4.596968269414345,119
NGC2655,3,3,11.112,-22.666623045948008,24.4,0.0,66.2,S0-a,S4G,predicted_B,6.450967880608722,167
NGC2685,3,3,10.03,-19.9996573512173,13.05,-2.5,68.7,S0-a,S4G,predicted_B,3.7657223941029656,97
NGC2710,3,3,10.387,-21.004305880323493,50.4,4.5,65.1,SBb,S4G,predicted_B,6.652128870556245,171
NGC2750,3,3,10.03,-20.086205330793128,20.43,3.5,45.4,SABc,S4G,predicted_B,3.9143109990933835,101
NGC2764,3,3,10.45,-20.989099132585565,37.4,1.0,66.3,S0,S4G,predicted_B,4.107680318401032,107
NGC2775,3,3,10.772,-21.745524745350092,15.5,-0.5,40.0,Sab,S4G,predicted_B,11.89480986163527,307
NGC2780,3,3,10.367,-20.87258877435034,55.55,1.0,45.7,Sb,S4G,predicted_B,4.779892626694789,123
NGC2787,3,3,10.906,-22.081232723316017,22.34,-2.0,66.1,S0-a,S4G,predicted_B,5.815435681637695,151
NGC2805,3,3,9.683,-19.409179542402544,12.76,5.0,36.0,SABc,S4G,predicted_B,5.241606065220929,135
NGC2854,3,3,10.216,-20.408566766361222,32.8,1.5,68.2,SBb,S4G,predicted_B,3.130481596683388,81
NGC2859,3,4,10.52,-21.17671887083118,18.25,-1.0,32.9,S0-a,S4G,predicted_B,9.183366503718759,237
NGC2903,3,3,10.627,-21.51067746569394,7.99,3.0,67.1,SABb,S4G,predicted_B,3.568252604112442,93
NGC2968,3,3,10.1,-20.032924808960782,14.01,-1.0,52.7,Sa,S4G,predicted_B,3.532324618321826,91
NGC2985,3,3,10.879,-22.100070190400835,21.5,1.5,37.9,Sab,S4G,predicted_B,8.55292190210871,221
NGC3049,3,3,9.938,-19.761551941673485,23.14,2.0,58.1,SBb,S4G,predicted_B,4.422479949747323,115
NGC3055,3,3,10.248,-20.652223008550788,25.96,4.5,57.1,SABc,S4G,predicted_B,3.067093262883792,79
NGC3061,3,3,10.409,-21.14815812865085,55.1,3.0,39.6,Sc,S4G,predicted_B,7.556089914719469,195
NGC3155,3,3,10.224,-20.614791664819446,51.4,3.0,61.3,Sbc,S4G,predicted_B,3.4332736223340525,89
NGC3162,3,3,10.16,-20.48686509771953,22.05,4.5,37.1,SABc,S4G,predicted_B,2.983129974538067,77
NGC3166,3,3,10.929,-22.159016649966095,22.0,-1.0,56.1,S0-a,S4G,predicted_B,6.865781506606077,177
NGC3184,3,3,10.493,-21.26456236120423,12.27,4.0,14.4,SABc,S4G,predicted_B,6.109914374508041,157
NGC3254,3,3,10.505,-21.285927341705353,29.06,3.0,64.4,Sbc,S4G,predicted_B,8.185026504206489,211
NGC3259,3,3,10.064,-20.24238234170535,29.06,4.0,61.1,SABb,S4G,predicted_B,3.3586933302139728,87
NGC3310,3,3,10.136,-20.411603772395523,13.1,4.0,16.1,SABb,S4G,predicted_B,3.312635947826018,85
NGC3320,3,3,10.224,-20.69883518832597,33.25,4.5,65.5,SBc,S4G,predicted_B,3.7007831280633012,95
NGC3351,3,3,10.5,-21.130859001666842,9.94,1.0,54.6,Sb,S4G,predicted_B,4.694657259960127,121
NGC3485,3,3,9.91,-19.848110225415716,19.22,3.5,20.0,Sb,S4G,predicted_B,2.984243480217872,77
NGC3486,3,3,10.088,-20.296518200320357,11.4,5.0,46.0,Sc,S4G,predicted_B,6.296058474824186,163
NGC3507,3,3,10.052,-20.101372457370072,14.1,3.0,31.9,SBb,S4G,predicted_B,3.3383333311893733,87
NGC3521,3,3,11.012,-22.339815375792945,11.39,4.0,60.0,SABb,S4G,predicted_B,10.099978946675988,261
NGC3583,3,3,10.684,-21.568030086666287,27.74,2.2,58.7,SBb,S4G,predicted_B,3.056582574304409,79
NGC3599,3,3,10.108,-20.222814981193896,21.09,-2.5,28.3,S0,S4G,predicted_B,4.255605280393328,109
NGC3626,3,3,10.375,-20.900243069934557,17.75,-0.5,55.9,S0-a,S4G,predicted_B,3.7232567153506393,97
NGC3627,3,3,10.829,-21.94162570964443,9.62,3.0,67.5,SABb,S4G,predicted_B,4.674746533564661,121
NGC3637,3,4,10.384,-20.671755025025472,24.1,-1.5,33.5,S0,S4G,predicted_B,3.6917104623669625,95
NGC3655,3,3,10.688,-21.660385208029375,30.86,4.0,47.1,Sc,S4G,predicted_B,6.305142100558455,163
NGC3673,3,4,10.458,-21.02179958191637,22.57,2.0,50.6,Sb,S4G,predicted_B,5.21369497998723,135
NGC3675,3,3,10.861,-21.97695335181636,16.09,3.0,59.5,Sb,S4G,predicted_B,5.045881024398226,131
NGC3681,3,3,10.435,-21.109419559567712,28.38,1.0,15.2,Sbc,S4G,predicted_B,3.060493989711522,79
NGC3683,3,3,10.832,-21.791067648280784,32.15,4.5,68.8,SBc,S4G,predicted_B,3.3875250713539313,87
NGC3686,3,3,10.194,-20.458881648203608,16.14,4.0,42.0,SBbc,S4G,predicted_B,3.4038106726206636,87
NGC3718,3,3,10.407,-20.93046038376586,14.67,1.0,66.5,Sa,S4G,predicted_B,10.841434629284848,279
NGC3729,3,3,10.349,-20.933696370133845,20.16,0.0,46.9,Sa,S4G,predicted_B,3.509791188163935,91
NGC3755,3,3,10.051,-20.136872902952437,33.48,5.0,69.1,SABc,S4G,predicted_B,10.715852580621782,277
NGC3786,3,3,10.782,-21.77607336608286,46.18,0.0,65.2,SABa,S4G,predicted_B,8.30805880401676,215
NGC3810,3,3,10.431,-21.062275415867067,15.49,5.0,48.2,Sc,S4G,predicted_B,4.027797773664892,103
NGC3887,3,3,10.455,-21.140755203668924,17.69,4.0,39.4,Sbc,S4G,predicted_B,3.9089353201778945,101
NGC3892,3,3,10.679,-21.456638462240186,27.2,-1.5,32.0,S0-a,S4G,predicted_B,13.62596465745627,351
NGC3896,3,2,8.953,-17.67272758169838,12.32,9.0,57.7,S0-a,S4G,predicted_B,18.160627309487666,469
NGC3930,3,3,9.369,-18.432584471898792,12.97,7.0,43.0,SABc,S4G,predicted_B,4.2532086996718315,109
NGC3953,3,3,10.784,-21.958784503578624,16.59,3.2,62.1,Sbc,S4G,predicted_B,6.4210453804193,165
NGC3992,3,4,10.976,-22.439333983933754,20.6,2.0,47.4,Sbc,S4G,predicted_B,11.259799848902697,291
NGC3998,3,3,10.79,-21.85077487280568,20.14,-2.5,41.4,S0,S4G,predicted_B,3.4187157383676383,89
NGC4030,3,3,10.933,-22.20922264602949,21.92,4.0,47.1,Sbc,S4G,predicted_B,4.470505346951696,115
NGC4034,3,3,9.733,-19.346982813399947,34.02,3.0,54.0,Sc,S4G,predicted_B,4.18969797105979,109
NGC4037,3,3,9.356,-18.347395375792942,11.39,3.5,22.0,Sb,S4G,predicted_B,2.944053950835098,77
NGC4041,3,3,10.86,-22.15208164797167,31.2,5.0,22.0,Sbc,S4G,predicted_B,4.7783387850144905,123
NGC4045,3,3,10.661,-21.51133100830124,30.73,2.0,55.9,SABa,S4G,predicted_B,6.734707856071205,173
NGC4050,3,2,10.683,-21.492215968581426,31.56,1.0,54.6,Sab,S4G,predicted_B,19.747751572899944,509
NGC4051,3,3,10.47,-21.187519009377677,13.71,3.0,30.2,SABb,S4G,predicted_B,4.992350173129915,129
NGC4067,3,3,10.415,-21.07652456146924,41.15,2.0,45.5,Sb,S4G,predicted_B,3.25673224834596,85
NGC4102,3,3,10.665,-21.43727878066354,19.52,2.0,58.2,SABb,S4G,predicted_B,3.618336669911211,93
NGC4123,3,3,10.048,-20.17894418534689,15.59,2.5,44.3,Sc,S4G,predicted_B,4.758769387089964,123
NGC4141,3,3,9.263,-18.2927998635366,27.35,7.5,51.3,SBc,S4G,predicted_B,3.1799402097915257,83
NGC4189,3,3,10.535,-21.290205392287223,29.93,4.0,35.9,Sc,S4G,predicted_B,5.479171276631128,141
NGC4210,3,3,10.361,-20.837858378739288,36.37,3.5,46.2,Sb,S4G,predicted_B,4.369845350088478,113
NGC4254,3,3,10.813,-21.986735384288774,15.19,5.0,20.1,Sc,S4G,predicted_B,4.839491408984741,125
NGC4267,3,3,10.428,-20.960986195598117,16.69,-3.0,57.5,E-S0,S4G,predicted_B,3.827919092053373,99
NGC4273,3,3,10.584,-21.430876019132963,29.04,5.0,26.9,Sc,S4G,predicted_B,3.152030359143017,81
NGC4274,3,3,10.591,-21.300979377740656,13.91,0.0,68.0,SBab,S4G,predicted_B,6.543456786945445,169
NGC4293,3,4,10.48,-21.17325052406487,14.47,0.0,59.4,S0-a,S4G,predicted_B,5.900972919305686,153
NGC4314,3,4,10.131,-20.215891787762835,9.7,1.0,16.2,Sa,S4G,predicted_B,3.695088790316739,95
NGC4351,3,3,9.82,-19.67671991821517,21.46,8.0,37.4,SBab,S4G,predicted_B,11.635722717881913,301
NGC4378,3,3,10.69,-21.542794010263968,27.75,1.0,23.9,Sa,S4G,predicted_B,8.554695280183502,221
NGC4394,3,3,10.442,-21.08166350271295,17.8,0.0,16.6,SBb,S4G,predicted_B,5.287457078775661,137
NGC4409,3,3,9.825,-19.57747248261947,17.0,7.5,63.3,SBc,S4G,predicted_B,3.8990997283198503,101
NGC4412,3,3,10.428,-21.03817874761813,35.6,3.5,26.8,SBb,S4G,predicted_B,3.7566301355876983,97
NGC4430,3,3,9.945,-19.894225759741005,19.28,8.0,43.9,Sb,S4G,predicted_B,3.4501693141236887,89
NGC4448,3,3,10.704,-21.59637958191637,22.57,0.5,52.5,SBab,S4G,predicted_B,5.638793403291493,145
NGC4450,3,4,10.663,-21.59457157630216,15.08,0.5,48.8,Sab,S4G,predicted_B,4.761764400528346,123
NGC4454,3,4,10.537,-21.253294115570913,31.35,0.0,25.4,S0-a,S4G,predicted_B,4.999913038679219,129
NGC4457,3,3,10.256,-20.49369754014115,11.99,-1.0,34.6,S0-a,S4G,predicted_B,4.428282398870254,115
NGC4504,3,3,9.981,-20.040650356527017,17.06,5.0,52.9,SABc,S4G,predicted_B,3.9787117853068197,103
NGC4531,3,3,9.973,-19.89267484358503,15.15,0.5,55.7,S0-a,S4G,predicted_B,3.0057951010824837,77
NGC4535,3,3,10.685,-21.72620175767044,15.58,5.0,23.8,Sc,S4G,predicted_B,7.22294256036649,187
NGC4548,3,3,10.69,-21.64926938820068,15.85,1.5,36.9,Sb,S4G,predicted_B,7.20857155236974,187
NGC4559,3,3,9.881,-19.875034097035822,7.53,6.0,64.8,Sc,S4G,predicted_B,3.026496885732114,79
NGC4571,3,3,10.213,-20.50242891902616,16.12,5.0,22.1,Sc,S4G,predicted_B,4.6160293864261845,119
NGC4579,3,3,11.062,-22.544180942036206,18.4,1.0,41.9,SABb,S4G,predicted_B,6.777528303191468,175
NGC4591,3,3,10.426,-20.99901209350116,48.07,1.5,59.9,Sb,S4G,predicted_B,3.362182672745159,87
NGC4593,3,4,11.055,-22.452161719025256,34.33,1.0,33.0,Sb,S4G,predicted_B,10.838768264839636,279
NGC4596,3,3,10.439,-20.952392351217302,13.05,-0.5,36.7,S0-a,S4G,predicted_B,5.0023260472526685,129
NGC4606,3,3,9.739,-19.379156952038272,14.94,-2.5,62.6,SBa,S4G,predicted_B,4.495612215053064,117
NGC4639,3,3,10.363,-20.908617415998197,22.6,2.0,51.0,Sbc,S4G,predicted_B,3.223493248237349,83
NGC4643,3,3,11.016,-22.34565641991427,25.7,-1.5,42.9,S0-a,S4G,predicted_B,8.574950296828199,221
NGC4651,3,3,10.736,-21.81626314616693,22.75,3.2,49.5,Sc,S4G,predicted_B,9.412228846970734,243
NGC4666,3,3,10.89,-21.946456150411006,17.05,5.0,69.6,SABc,S4G,predicted_B,10.881471242414609,281
NGC4668,3,3,9.295,-18.39045921862942,16.54,9.0,63.9,SBcd,S4G,predicted_B,3.065886917433847,79
NGC4699,3,3,11.168,-22.803030628357938,19.66,0.0,42.6,SABb,S4G,predicted_B,9.426174799554397,243
NGC4725,3,3,10.853,-22.100894099186192,13.08,1.0,45.4,SABa,S4G,predicted_B,7.790415415808825,201
NGC4736,3,3,10.564,-21.355402904006382,5.13,1.0,31.7,Sab,S4G,predicted_B,10.596758538360051,273
NGC4750,3,3,10.751,-21.78342259612248,26.1,1.0,32.3,Sab,S4G,predicted_B,5.711471837483347,147
NGC4779,3,3,10.492,-21.217665736762477,40.84,3.0,46.5,SBc,S4G,predicted_B,6.42127995940483,165
NGC4795,3,3,10.674,-21.525364639973326,37.37,1.0,53.2,SBa,S4G,predicted_B,6.184652533021775,159
NGC4799,3,3,10.421,-20.865030489810355,40.0,-2.0,68.7,Sb,S4G,predicted_B,4.059475851624045,105
NGC4814,3,3,10.72,-21.716051596857884,38.68,4.0,45.0,Sb,S4G,predicted_B,7.697555074412269,199
NGC4897,3,3,10.608,-21.48291939289233,44.97,3.0,38.3,Sbc,S4G,predicted_B,7.899989768065503,203
NGC4902,3,3,10.932,-22.2920128645955,33.76,2.5,26.6,Sb,S4G,predicted_B,6.206376267978682,161
NGC4941,3,4,10.167,-20.34546457173098,13.66,0.0,36.6,SABa,S4G,predicted_B,7.31305391329324,189
NGC4942,3,3,9.812,-19.62072659656288,28.08,5.0,44.0,SABc,S4G,predicted_B,3.2042288945310755,83
NGC4984,3,3,10.742,-21.602666034040517,21.3,0.0,47.1,S0-a,S4G,predicted_B,8.63153570334451,223
NGC4995,3,3,10.705,-21.708011055602245,26.42,2.0,54.6,SABb,S4G,predicted_B,4.6204192599701726,119
NGC5033,3,3,10.851,-22.031249979024462,16.47,5.5,64.6,Sc,S4G,predicted_B,8.67393490299359,223
NGC5055,3,3,10.748,-21.771208894209874,7.71,4.0,54.9,Sbc,S4G,predicted_B,4.615525358935787,119
NGC5101,3,3,10.732,-21.620735201001434,17.23,0.0,22.3,S0-a,S4G,predicted_B,7.373396566479017,191
NGC5117,3,3,9.929,-19.813443297337383,37.64,6.5,62.5,SBc,S4G,predicted_B,6.942913664496073,179
NGC5195,3,3,10.336,-20.673331207144326,7.22,-0.5,40.5,SBa,S4G,predicted_B,4.6924038737208225,121
NGC5205,3,3,10.133,-20.310976370299855,31.79,2.0,56.4,Sbc,S4G,predicted_B,5.701560697132041,147
NGC5218,3,3,10.926,-22.190745184960537,51.42,1.0,51.1,SBb,S4G,predicted_B,6.0737431353131575,157
NGC5236,3,3,11.032,-22.581702661567626,6.51,5.0,14.1,Sc,S4G,predicted_B,5.654570713526988,145
NGC5248,3,3,10.531,-21.258376169890184,13.04,4.2,56.4,SABb,S4G,predicted_B,7.443392690051857,193
NGC5300,3,3,10.073,-20.07926632857662,19.62,5.0,50.8,SABc,S4G,predicted_B,5.2727627679674045,137
NGC5311,3,2,10.579,-21.275373591262444,35.63,-3.0,37.5,S0-a,S4G,predicted_B,8.83724552789764,229
NGC5334,3,3,10.461,-21.11172336646333,33.32,6.0,44.8,Sc,S4G,predicted_B,9.096588432313393,235
NGC5337,3,3,10.587,-21.472332841027658,52.2,0.0,66.3,Sab,S4G,predicted_B,4.622942167943996,119
NGC5339,3,3,10.511,-21.289826186941383,36.8,2.0,37.1,Sa,S4G,predicted_B,6.27655546568175,163
NGC5350,3,3,10.526,-21.29241081891531,27.19,2.7,54.1,Sbc,S4G,predicted_B,5.531414915382401,143
NGC5364,3,3,10.468,-21.17562014208759,16.2,3.5,67.5,Sbc,S4G,predicted_B,7.076865612608834,183
NGC5375,3,4,10.673,-21.637813961367467,39.38,1.5,44.8,SBab,S4G,predicted_B,8.730270645216041,225
NGC5383,3,4,10.779,-21.905146409628447,33.94,1.5,42.3,Sb,S4G,predicted_B,8.268424609270971,213
NGC5430,3,3,10.809,-21.862417028433523,39.42,3.0,50.2,SBb,S4G,predicted_B,5.832001986452228,151
NGC5448,3,3,10.602,-21.51590858666516,29.31,1.0,64.4,Sa,S4G,predicted_B,13.015647292654863,337
NGC5473,3,3,10.625,-21.45569405888081,26.82,-3.0,47.9,E-S0,S4G,predicted_B,3.7908845258472557,97
NGC5534,3,3,10.325,-20.78585186598171,31.8,1.0,26.3,Sab,S4G,predicted_B,4.313377697279972,111
NGC5574,3,3,10.117,-20.20161750946608,23.57,0.0,65.6,E-S0,S4G,predicted_B,4.461639744199115,115
NGC5604,3,3,10.571,-21.297037131085666,41.8,4.0,64.9,Sa,S4G,predicted_B,15.731802644600108,407
NGC5701,3,3,10.255,-20.533255378301988,15.39,0.0,40.6,S0-a,S4G,predicted_B,4.458795467897093,115
NGC5713,3,3,10.537,-21.331257957511006,20.72,9.0,48.2,SABb,S4G,predicted_B,3.473552822878071,89
NGC5728,3,3,10.877,-22.0243091102896,29.8,0.0,59.1,Sa,S4G,predicted_B,14.602327948238624,377
NGC5740,3,3,10.422,-21.006356055602247,26.42,2.0,63.9,SABb,S4G,predicted_B,3.824311176939349,99
NGC5750,3,4,10.663,-21.545071070594595,30.09,0.0,66.5,S0-a,S4G,predicted_B,5.857180977108435,151
NGC5757,3,3,10.817,-21.80942658736109,39.5,1.7,50.6,Sb,S4G,predicted_B,5.572466213440279,143
NGC5762,3,3,9.919,-19.752487308196557,33.62,-2.0,46.6,Sab,S4G,predicted_B,5.063371475217199,131
NGC5774,3,3,9.804,-19.60167185474272,21.59,7.0,52.5,SABc,S4G,predicted_B,5.8968267113265584,153
NGC5806,3,3,10.591,-21.352135683910948,24.63,2.0,60.4,Sb,S4G,predicted_B,4.40264057240295,113
NGC5850,3,3,10.521,-21.186273887680386,18.7,1.5,46.9,Sb,S4G,predicted_B,7.578868181076364,195
NGC5885,3,3,10.26,-20.66583509771953,22.05,5.0,33.3,SABc,S4G,predicted_B,4.846482820841486,125
NGC5899,3,3,10.932,-22.183776004646184,38.56,4.0,68.9,Sc,S4G,predicted_B,6.391760354350608,165
NGC5921,3,3,10.348,-20.866554786675344,17.37,3.0,49.5,Sbc,S4G,predicted_B,4.2663908364718335,111
NGC5957,3,4,10.19,-20.274162371478017,24.3,1.5,17.5,Sb,S4G,predicted_B,7.109112961051455,183
NGC5962,3,3,10.81,-21.944468016130937,30.75,5.0,50.8,Sc,S4G,predicted_B,4.18247771043779,107
NGC5963,3,3,10.15,-20.397873106565857,27.18,4.5,39.3,Sbc,S4G,predicted_B,3.339579356910757,87
NGC5970,3,3,10.523,-21.342998627402004,26.48,5.0,47.7,SBc,S4G,predicted_B,3.761119454999226,97
NGC5985,3,2,11.021,-22.47965287737521,37.3,2.5,63.3,Sb,S4G,predicted_B,10.652876825130617,275
NGC6012,3,3,10.017,-20.01182513586323,19.53,2.0,46.9,SBab,S4G,predicted_B,3.7182169113364987,97
NGC6014,3,3,10.253,-20.535478521367896,31.94,-0.5,41.4,S0,S4G,predicted_B,3.5885028608297524,93
NGC6181,3,3,10.744,-21.793888424655677,31.28,4.7,68.2,SABc,S4G,predicted_B,3.3257181078435023,85
NGC6217,3,3,10.4,-21.005848889222328,20.64,3.0,44.8,Sbc,S4G,predicted_B,3.9025562074593205,101
NGC6267,3,3,10.602,-21.42798995259724,53.95,3.0,41.5,Sc,S4G,predicted_B,7.3889368262282265,191
NGC6434,3,3,10.355,-20.98472023386589,39.45,3.0,69.4,Sbc,S4G,predicted_B,4.64907435236664,121
NGC6889,3,3,10.009,-20.10332377398594,35.33,3.5,53.1,SBbc,S4G,predicted_B,3.5539553566827613,91
NGC6902,3,3,10.798,-22.039352500701575,36.79,1.5,40.2,SBab,S4G,predicted_B,13.46154675274984,347
NGC6923,3,3,10.716,-21.657357648268295,33.5,3.5,64.5,SBb,S4G,predicted_B,5.061510282584607,131
NGC7079,3,3,10.425,-21.004561948039715,24.72,-2.0,61.9,S0,S4G,predicted_B,3.1110733076473798,81
NGC7098,3,4,10.818,-21.82757926205844,29.1,0.0,65.3,Sa,S4G,predicted_B,10.971010172424194,283
NGC7140,3,3,10.558,-21.40210682120734,30.16,2.5,48.9,SABb,S4G,predicted_B,7.895869536022346,203
NGC7154,3,3,10.001,-20.166022886956895,27.37,8.0,34.5,I,S4G,predicted_B,3.9976009346856642,103
NGC7163,3,3,10.289,-20.462886440799867,33.85,1.0,66.1,Sab,S4G,predicted_B,5.094437202325892,131
NGC7179,3,3,10.624,-21.48794990550628,45.9,0.0,63.8,SBbc,S4G,predicted_B,6.175193059712437,159
NGC7191,3,3,10.197,-20.45255257037647,36.2,3.0,69.6,SABc,S4G,predicted_B,4.130167267936396,107
NGC7218,3,3,10.175,-20.495326851786345,22.44,7.0,67.7,Sc,S4G,predicted_B,3.5831439392996502,93
NGC7219,3,3,10.477,-21.162447518722047,41.17,0.5,58.3,SABa,S4G,predicted_B,6.023624451963507,155
NGC7280,3,3,10.197,-20.395027419540916,23.15,-3.0,58.6,S0-a,S4G,predicted_B,3.3605266757001964,87
NGC7371,3,3,10.471,-21.152782676115855,30.6,2.0,25.2,S0-a,S4G,predicted_B,4.036682416127017,105
NGC7418,3,3,10.36,-20.908443351523545,18.06,5.0,39.9,Sc,S4G,predicted_B,5.636656360661948,145
NGC7418A,3,3,9.486,-19.06664664797167,31.2,2.5,61.1,Scd,S4G,predicted_B,4.6125981134379455,119
NGC7421,3,3,10.341,-20.87195401026397,27.75,2.0,36.1,Sbc,S4G,predicted_B,4.571903846548835,119
NGC7479,3,3,10.948,-22.25273330102171,28.28,3.0,43.0,SBbc,S4G,predicted_B,11.188183965981283,289
NGC7513,3,3,10.213,-20.44332130728964,19.11,1.0,55.7,SBb,S4G,predicted_B,4.920332654855591,127
NGC7531,3,3,10.457,-21.13967199508351,22.31,1.0,68.9,SABb,S4G,predicted_B,5.574057577581464,143
NGC7552,3,3,10.37,-20.81436943607127,11.53,1.0,23.6,Sab,S4G,predicted_B,4.457840432063256,115
NGC7582,3,3,10.939,-22.173399636591284,21.2,1.0,68.2,SBab,S4G,predicted_B,11.878370695313372,307
NGC7723,3,3,10.748,-21.81641416092118,28.04,2.5,47.1,SBb,S4G,predicted_B,5.314881363794617,137
NGC7724,3,3,10.158,-20.417662079676873,37.62,1.0,49.2,SBb,S4G,predicted_B,4.405497554049611,113
NGC7731,3,3,9.862,-19.626049596617076,31.3,1.5,45.5,SBa,S4G,predicted_B,3.341367845922586,87
NGC7742,3,2,10.492,-21.201272422795427,25.78,-1.0,16.8,Sb,S4G,predicted_B,17.824718568787624,461
NGC7755,3,3,10.561,-21.341219849293985,28.35,3.5,53.7,Sc,S4G,predicted_B,6.920081019020027,179
NGC7757,3,3,9.654,-19.231977815739874,19.7,5.5,44.0,Sc,S4G,predicted_B,3.8204534388672187,99
PGC006626,3,3,9.248,-18.3489865985573,19.8,6.0,44.4,I,S4G,predicted_B,5.480618837676356,141
PGC032091,3,3,9.734,-19.410038075649776,33.81,5.5,25.6,SABc,S4G,predicted_B,3.92311679152762,101
PGC036217,3,3,9.764,-19.43159611027289,27.3,5.5,42.2,Sc,S4G,predicted_B,4.7006805697137635,121
PGC042868,3,3,9.898,-19.882359617028428,25.4,5.5,26.9,SABd,S4G,predicted_B,7.258484913747015,187
PGC047721,3,3,10.403,-20.70022700257562,31.16,1.5,56.7,Sbc,S4G,predicted_B,4.658292049388944,121
PGC048087,3,3,9.821,-19.600539115736357,36.5,5.0,25.6,SBd,S4G,predicted_B,5.28667162973228,137
PGC050229,3,3,9.487,-18.618919632016517,21.75,10.0,64.5,Sa,S4G,predicted_B,4.3160733108585365,111
PGC051291,3,3,9.311,-18.476641739874413,33.95,10.0,69.3,Sab,S4G,predicted_B,3.900315750115152,101
PGC053779,3,3,9.485,-18.702924838084137,19.3,6.0,47.4,SABb,S4G,predicted_B,3.4210061299911327,89
PGC072252,3,3,9.479,-18.960483093669822,25.21,4.5,59.0,SBc,S4G,predicted_B,3.024982842940922,79
PGC1063216,3,3,9.238,-18.30643192529815,36.65,5.5,43.0,--,S4G,predicted_B,4.108369977982752,107
UGC01551,3,3,9.99,-20.02865874761813,35.6,5.5,56.8,SBc,S4G,predicted_B,6.518460101508118,169
UGC05688,3,2,9.617,-19.25863209188802,30.8,10.0,62.7,Sm,S4G,predicted_B,9.097958974072036,235
UGC05814,3,3,11.397,-23.246923550455406,157.6,0.5,60.3,Sab,S4G,predicted_B,13.32359573943888,345
UGC06309,3,3,10.466,-21.100202616383196,48.6,5.0,48.8,SBc,S4G,predicted_B,5.739150998306403,149
UGC06780,3,2,9.649,-19.21037756618347,38.77,6.0,53.0,SABc,S4G,predicted_B,15.027428345937876,389
UGC08041,3,3,9.493,-18.728503795359476,15.29,5.0,54.0,SBcd,S4G,predicted_B,4.294183369001267,111
UGC08056,3,3,9.326,-18.464282277573194,38.8,7.0,57.8,SBc,S4G,predicted_B,4.879051037336948,125
UGC08658,3,3,9.872,-19.88980662560723,29.96,4.0,53.9,Sc,S4G,predicted_B,4.976176379250588,129
UGC09291,3,3,10.055,-20.20737808495226,38.84,4.5,62.9,Sc,S4G,predicted_B,5.323681932513672,137
UGC12707,3,3,9.63,-19.11290417743014,37.08,5.5,57.7,Sbc,S4G,predicted_B,4.928709651062013,127
